sku,title,ean,uk-only
123,"Breeches HighWaist dark blue, size 38",0186538314034,TRUE
124,First aid bag 13 cm 15 cm,0186539640647,TRUE
125,"Breeches BasicPlus for Men stone, size 48",0186530307696,TRUE
126,"Shearing Template for Horses, 3-pce Set",0186539079174,TRUE
127,"Quilted Vest Covalliero Children, black, size 140/146",0186530567455,TRUE
128,Oster Mane and Tail Brush Turquoise,0186531346584,TRUE
129,Delizia Apple 1 kg grain-free,0186532235815,TRUE
130,"Drinking bowl K50, plastic green",0186532938296,TRUE
131,Oster Premium Bathing Brush,0186538319466,TRUE
132,Untersetzer fr 70140 & 70144 Hhe 7cm,0186539436634,TRUE
133,Riding socks Brescia nightblue size 37-39,0186531381207,TRUE
134,"Poloshirt Herren, graphite XXL",0186530546283,TRUE
135,"Transport box Expedion 48x32x 31cm, w.plastic door Bordeaux",0186539272747,TRUE
136,"Water bottle 500 ml, for rabbits, plastic, green",0186531618212,TRUE
137,"Soft Double Lunge 17m, black",0186531186103,TRUE
138,"Cohesive bandage EquiLastic 7,5cm x 4,5m, violet",0186538225795,TRUE
139,"Bell boot, pair, black size pony",0186531431484,TRUE
140,"Hay Net for Round Bales for hanging, 150x180cm, 4.5cm",0186530687175,TRUE
141,Replace Clips Furba 81584/81583/81579,0186537210631,TRUE
142,"Covalliero Reit- und Outdoor- mantel, Damen, navy, Gr. S",0186531202005,TRUE
143,"Brescia knee length socks, 37-39, darkblue/Hibiscus-red",0186539755345,TRUE
144,"Kids Mini Chaps Lilli Black/Purple, Size 134",0186531408403,TRUE
145,"Janne x PinkRibbon Reithose Dark Navy,Gr. 38",0186539221324,TRUE
146,"water feeder 16 cm, 130 ml",0186539033463,TRUE
147,Pet Cushion Loneta brown/grey 58x43 cm,0186532088546,TRUE
148,"Riding breeches Economic, for kids, black, size 134",0186539527404,TRUE
149,"Light & Reflex Jogging & Lead leash 2,5x250cm, pink",0186532103831,TRUE
150,"Bridle rack, grey power coated meatal",0186532437874,TRUE
151,"car cover, boot Economy",0186532226074,TRUE
152,"Sattelkissen schwarz, Webpelz Full",0186539342581,TRUE
153,"Cutter head 12mm for Favorita II, Favorita",0186537130378,TRUE
154,"fur comb fine/rough, double, 21cm",0186530987835,TRUE
155,"Alaska Thermal Overtrousers Softshell, Black, Size XXL",0186531401092,TRUE
156,"Cat Tree Lounge Deluxe grey/red, high: 70cm",0186531229215,TRUE
157,"Halter Cora Grey, Pink, White, Size 3",0186533218748,TRUE
158,"Heatable water bowl HP10 50W, enamelled",0186533270743,TRUE
159,"Riding Breeches Economic Lds black, size 46",0186538277107,TRUE
160,Feed Bin with Lid 70L black,0186539774846,TRUE
161,"Caparison Salvina VS Navy, Pony",0186538252803,TRUE
162,"Guide Leash GoLeyGo Vegas, br. 20mm",0035724157049,TRUE
163,"Cat Scratch Board Drift 48,5 x 18,5 x 7,5 cm",0186538278023,TRUE
164,leather care 3 in 1 1000 ml,0186539374337,TRUE
165,Hoof Pick incl. Brush with Gel Handle,0605700000004,TRUE
166,"Halter TopLine, forest, XFull",0186532104752,TRUE
167,"rawhide chew bonewith chicken breast, 4 pcs. 120g",0186530311866,TRUE
168,"Bell Boots Pelisa black, XL Full (XL)",0186531433086,TRUE
169,"car safty harness, black, L 65-85cm/25mm",0186538366992,TRUE
170,"Kids Mini Chaps Lilli Black/Pink, Size 140",0186531902348,TRUE
171,"Flexible Trough Flexbag, 15 L, Red, Flat Design",4350390134489,TRUE
172,"Halter Reflective black/silver, Full",0186531826735,TRUE
173,ManeCare Premium Fruit Explosion 500 ml,0186531346657,TRUE
174,"Natural garlic, 1 kg",0186539872855,TRUE
175,"Riding Tights Coldana Ladies, dark blue, 36/38",4350390099607,TRUE
176,"Snaffle loose ring bit - french link, 13,5 cm, hollow",0186531246737,TRUE
177,"Fly mask Zebra incl. Ear protection, Full",0186531871592,TRUE
178,"Muzzle Teddy Fleece, Nylon, black, Cob",0186537110267,TRUE
179,"Harness Maestro 2.0, burgundy",0186539570046,TRUE
180,"Infrared reflector with 5,0 m cable + power saving switch",0186530163817,TRUE
181,"Digital weighing scale DigiScale 300, up to 300 kg",0186532167502,TRUE
182,LED Outdoor Spotlight 50W w MS Mod. 2020,0186532413945,TRUE
183,"Windbreaker Isabell Ladies, Dark Blue, S",0186532421007,TRUE
184,"Rain coat Forks, black L 45cm",0186533209071,TRUE
185,"Trekking saddle cloth Laguna multipurpose, full",0186530576985,TRUE
186,Collar Antislip rubberised 53-61cm/25mm,0186531177296,TRUE
187,"Fringe Ribbon Nylon, navy Pony",0186538065484,TRUE
188,Neckpiece for RugBe 200 XS,0186533269857,TRUE
189,hammock for rodents 38x38 cm,0186532141693,TRUE
190,"Rdng Half-Boot Leather Classic dark brown, size 38",0186539277628,TRUE
191,Dummy on a Rope ?5x32cm Jute / Cotton,0040561143136,TRUE
192,"Oster cleaning brush, blue",0186538267206,TRUE
193,"Crop whip, 90 cm, black",0186530238535,TRUE
194,"Magic Brush Reinigungsbrste soft, Holz, Fibre",0186533454749,TRUE
195,rodent grass 100 g,0186539209167,TRUE
196,stainless steel dogs' bowl 4000 ml,0186539561445,TRUE
197,"Euro-leather grease yellow, 1000 ml",0186539555988,TRUE
198,"wooden perches 4 pcs. 35cm 2 x 10mm, 2 x 12mm",0186531814236,TRUE
199,"Stable and transport gaiters Neoprene, size L (full)",0186539183021,TRUE
200,Dividing wall for alu transport box for 80587,0186533244007,TRUE
201,Replacement Stake 108 cm White Double Prong,0186531881949,TRUE
202,Transformer for trough heating 100 VA,0186539320493,TRUE
203,"Collar Phoenix, blue, 9 mm / 40-55 cm",0186532117003,TRUE
204,cat harness + leash 120 cm black suede leather,0186537110332,TRUE
205,"Riding Tights Equona dark blue, size 38/40",0186531886066,TRUE
206,Clipper Econom II with blade GT502/GT505,0186531250764,TRUE
207,"Rdng Half-Boot Leather Classic dark brown, size 35",0186531406804,TRUE
208,"Feeding House Stubbs, nature 29x28x18cm",0186539558881,TRUE
209,"Frost-protection heating cable with thermostat, 2 m, 32 W",0186531927335,TRUE
210,"Cutter head 0,05mm, Favorita",0186533249677,TRUE
211,"Head collar Mustang size 1, red/black",0186539467019,TRUE
212,"Econom II clipper for cattles/horses, 230V",0186539638459,TRUE
213,"Hair cutter head 0,5mm, Favorita",0186538421578,TRUE
214,Tick-Away Forceps,0186532095476,TRUE
215,"Bandaging underlay black, 48x48cm, in pairs",0186530591803,TRUE
216,"AkkuClipper Sonic, with accessories",0186530537379,TRUE
217,"Bed cushion Jerome, navy-cognac, 80x60x6cm",0186531601526,TRUE
218,"Float bowl S190, 2 litre, float valve, grey cast iron",0186532414175,TRUE
219,"Caparison Salvina Bordeaux, Pony",0186538466439,TRUE
220,"Quilted Vest Covalliero Ladies, black, size L",0186538065866,TRUE
221,"Fleece coat Bern, grey S 35cm",0255892068093,TRUE
222,"luxury pant black, size 3",0186531892699,TRUE
223,"Alu transport box, one door 92x65x65,5cm",0186539953341,TRUE
224,"Booth shaft Elasto with elastic insert, size M",0186531887673,TRUE
225,"Horse brush - The Good One, 16 x 10 cm",0186530852719,TRUE
226,"Horse Halter with Faux Fur Blue, Size 2",0186531297159,TRUE
227,"Caparison Tampa Light Grey, DS",0186532992103,TRUE
228,"Dressage Gaiters Fleece Back Brown, M",0186531303151,TRUE
229,"Halter Cora Dark Blue, Grey, White, Size 3",0186539576776,TRUE
230,"Rain coat Forks, black S 35cm",0186532413561,TRUE
231,"Ridng Brchs BasicPlus Jodhpur Blue, Size 36",0186530163987,TRUE
232,"Schabracke Freespace navy, DS",0186531432097,TRUE
233,"ActiveShirt Ladies, navy, size S (1)",0186533217202,TRUE
234,"MIAMI harness blue, 20 mm, 55 - 76 cm",0401865345934,TRUE
235,Pedocan Hufl 475 ml,0186531174778,TRUE
236,"Fleece coat Bern, grey XS 30cm",0186530607591,TRUE
237,"Riding breeches Economic, for teens, black, size 176",0186538203156,TRUE
238,"Quilted Vest Covalliero Ladies, black, size M",8116650169817,TRUE
239,"ActiveJacket Covalliero Men, navy, S (1)",0186538206052,TRUE
240,"Children breeches Organomic black, Size 128",0186539635553,TRUE
241,"Favorita speed small animal clipper, 230V",0186539219443,TRUE
242,"vinyl ball &apos;paw&apos;, 10 cm with (3)",0186531995034,TRUE
243,"Saddle girth black, 130 cm",0186538333461,TRUE
244,"Blouson Jacket Covalliero Ladies, navy, size XXS (1)",4018653317421,TRUE
245,Tearing Plier,0186531620575,TRUE
246,Ceramic Bowl Fish 125ml in assorted col. (blue/green),0186539185555,TRUE
247,"Lead Rope Cora, Carabiner Taupe, Mint, White",0186531297081,TRUE
248,"Halfter Classy, merlot Gr. Pony",0186538287559,TRUE
249,"Lead rope Hippo, carabine, light-blue/dark-blue",0186539028061,TRUE
250,"Superbed dust control mat 100 x 65 cm, grey",0186532065535,TRUE
251,"ActiveJacket Ladies, Navy, S",0186538315265,TRUE
252,"Fence gate 3,5 m, fixed, height: 100 cm, galvanized",0186538173158,TRUE
253,"Boots NeoLite Black, Size 38",0186530148511,TRUE
254,Riding glove Gloria white size M,0186531297398,TRUE
255,"Janne x PinkRibbon Reithose Graphit, Gr. 44",0186539571655,TRUE
256,"Delicious cubes Original, 3 kg",0186539254162,TRUE
257,"Riding Tights Equona dark blue, size 32/34",0186539523138,TRUE
258,"Riding Tight ClassicStar Damen navy, Gr. 42/44",0186532159682,TRUE
259,Spare Tray for 81713 65x58x6 cm,0186538226308,TRUE
260,"Cat safety net, transparent 2 x 3 m",0186533235406,TRUE
261,Grooming box Arrezzo black/pistachio,0186537231665,TRUE
262,"Cordless clipper Durati, signal red, 1 battery",0186539573876,TRUE
263,Auto-Feeder 2.5 kg Organic Plastic,7001923042968,TRUE
264,Bird Ladder 10 x 35 cm,0186539444556,TRUE
265,HeuBoy lila fr Pony Futterspielball,0186530038939,TRUE
266,"Litzclip Wire cross-connector 3mm, stainless steel, 5 pcs",0186539438472,TRUE
267,Additional rod for connecting sheep panels with rods,0186531174464,TRUE
268,"chain chrome plated 3 mm, 50 cm",0186530474918,TRUE
269,"Spare tub 81729 103x64,5x5 cm",0186532439617,TRUE
270,"Favorita CL II, 2 batteries midnight blue",0186531620405,TRUE
271,"Feed trough for mounting HangOn, green, 13 litre",0003250419747,TRUE
272,"Magic Brush Mhnenbrste, 22x6 cm, water lily",0186532415614,TRUE
273,"Riding breeches Economic, for teens, blue, size 170",0308362914915,TRUE
274,"Collar VEGAS HQ, 35mm/50-58cm black",0186532079944,TRUE
275,"Hufglocken Gummi Teddy Fleece, schwarz, Pony",0186531220064,TRUE
276,"Sheep marking spray TopMarker blue, 500 ml",0186532364682,TRUE
277,"Janne x PinkRibbon Reithose Graphit, Gr. 34",0186530488706,TRUE
278,"spare tub for 81725 - on top with cutout, 103,5x71x6cm",0186539637911,TRUE
279,Dasselmesser,0186538229517,TRUE
280,Fliegenhaube Empara navy,0186531199694,TRUE
281,"Electric fly killer Halley 2214-S, CE",0186532421485,TRUE
282,"Training dummy, 23x7cm, black/orange, reflective",0186539776371,TRUE
283,"Shoofs horse shoe, size 4",0186531091753,TRUE
284,"Small animal hutch for rabbits or hens, 105 x 100 x 108 cm",0186531184124,TRUE
285,"Feed scoop plastic Kerbl, green, 2000 g",0186530478046,TRUE
286,Bucket for grain mill 18 litres,0337767610065,TRUE
287,Large broom 50 cm with bolted handle holder,0186532430461,TRUE
288,"Loofah disc for rodents, 4 pic.",0186531431862,TRUE
289,"Coat and mane brush Kinder Wurzel, 15 x 7,5 cm",0186531867944,TRUE
290,Mobil Water Bowl 500ml,0186531786456,TRUE
291,Hook for saddle locker,0186538344114,TRUE
292,Blade set GT405/GT410,0186537012633,TRUE
293,"Mini chaps ClassicStretch, black, for adults, size S",0035079764129,TRUE
294,"Riding Tights Superba Glen Plaid, size 34/36",0186537035881,TRUE
295,Lead rope Supreme panic hook bordeaux,0186539923026,TRUE
296,Hoof pick with horses head purple,0186533260537,TRUE
297,"Cohesive bandage EquiLastic 10cm x 4,5m, red",0186530467462,TRUE
298,Duck Goujons 100g (12),0186532113049,TRUE
299,Nibble Fruit natur,4018653199863,TRUE
300,"Adapter plate & bracket f. LED Indoor Spotlight, version 2019",0186539279392,TRUE
301,"ActiveShirt Ladies, navy, size XXS (1)",0186539558957,TRUE
302,"Hoof rasp, straight, 35cm",0186539023639,TRUE
303,Riding Gloves Magic Grippy white,0035079840117,TRUE
304,UrineOff Spray dog 118 ml odour and stain remover,0186532432758,TRUE
305,"Stick ToyFastic, Squeaky orange 18x?4cm",0186539547132,TRUE
306,"Riding breeches Economic, for kids, blue, size 122",0186538410066,TRUE
307,"Harness Pulsive brown 36-50 cm, 46-60cm",0186538405599,TRUE
308,"pig ears, 10 pcs./bag (20)",0186533267946,TRUE
309,Bunny Hop 25cm in assorted colours (4),0186531411445,TRUE
310,"MEXICA collar riveted black, 20mm, 36-46cm",0186531431174,TRUE
311,Insert set (4pcs.) for 32470,0186530479963,TRUE
312,"Bucket holder galvanized, for screwing on",0186539851683,TRUE
313,"Fly fringe strap cob, made of cotton cords",0186539078014,TRUE
314,"Replacement top bath for 82835, 84,5x55x3,5",0186530567527,TRUE
315,Ceramic Bowl 100 ml (6),0186531298839,TRUE
316,"Snaffle loose ring bit 12,5 cm 18 mm thick, stainless, hollow",0186531179728,TRUE
317,"Safety Vest ProtectoFlex 315 Light, Child Size XS, BETA",0186531199908,TRUE
318,"Feeder for young fowl, 50 x 12 cm, made of plastic",0186538390721,TRUE
319,Dress boots synthetic material size 34,0186530518326,TRUE
320,"Cat Hammock Paradies grey, 45x30cm",0186531873403,TRUE
321,"Kids Mini Chaps Lilli Black/Pink, Size 134",0186538319397,TRUE
322,"Delicious cubes with herbs, 1 kg",0186538447243,TRUE
323,"Lid for bucket 29881 and 323505, black",0186538409626,TRUE
324,spare link 3.2 mm for 83351,0186532420632,TRUE
325,"Delizia treats apple, 3 kg",0186531411513,TRUE
326,"Trough Half Round Plastic, Green",0186539351566,TRUE
327,"Riding Tight ClassicStar Kinder, navy, Gr. 164/170",0186539560215,TRUE
328,RugBe Fleecedecke Classic 135 navy,4018653201043,TRUE
329,"Riding Tights Superba Glen Plaid, size 40/42",0186539274961,TRUE
330,ERASER RTU,0186539922582,TRUE
331,"Thermal Boots Classic, Size 28 black",0186531433394,TRUE
332,"Fleece Jacket Covalliero Chld navy blue, size 164/170",0186532094319,TRUE
333,"Riding breeches Economic, for ladies, black, size 40",0186539547373,TRUE
334,"Rubber martingale stop, 2 pcs/pack",0186539639681,TRUE
335,"Riding Tight ClassicStar Damen navy, Gr. 38/40",0186530863465,TRUE
336,horse shampoo 1000 ml with oat proteins,0601343335619,TRUE
337,"Leaf rake, 60 cm, 26 tines",0186539853041,TRUE
338,"Winter Riding Gloves Mora, Black, Size M",0186531645329,TRUE
339,Leash MIAMI 200cm/15mm green,0186532144664,TRUE
340,"Delizia licking stone MiniSalick Apple, 700g",0186538202788,TRUE
341,"Halter for Llamas, size 50 blue",0186532083978,TRUE
342,"Horse brush Junior Brush&Co, wooden back, 17 x 6,5 cm",0186531181533,TRUE
343,"Open-air enclosure with breakout barrier,180x90x75cm",4018653606439,TRUE
344,"Fence panel without gate 2,4 m galvanized, height: 1,70 m",0186531908837,TRUE
345,"Breeches Organomic Teens navy, Size 158",0186530790416,TRUE
346,"Poultry transport box, plastic 95 x 57 x 24 cm",0186530639038,TRUE
347,Hobbyset with battery unit B40,0186533260228,TRUE
348,"ActiveJacket Ladies, Navy, XL",0186539634942,TRUE
349,"Spare Hook and Loop Fstnr pink for Tubbease, pairs",4018653379666,TRUE
350,"Riding Breeches BasicPlus LS Ladies, black size 34",0186532063319,TRUE
351,"Scratching Post OPAL ULTRA grey, 60x60x82cm",0186531410212,TRUE
352,"Breeches Organomic Ladies navy, Size 42",0186531410146,TRUE
353,Mice Nature 7 cm from corn wicker,0186531433913,TRUE
354,"Comb 576, type Wellington 13 teeth, convex (1)",0186539755104,TRUE
355,Dog House 85 x 73 x 80 cm,0186530440015,TRUE
356,fur hair remover 15 x 10 cm,0186539036815,TRUE
357,"Bridle Standard brown pony, english model",0186531203851,TRUE
358,Cat Tree JADE PRO beige/brown height: 96 cm,0186538267445,TRUE
359,Chicken Roll 100g (12),0186530577351,TRUE
360,"Riding gloves Reflective black, S",0035079620407,TRUE
361,"Auto Feeder for 9.6L/8kg with Feet, for Poultry and Chickens",0186531411751,TRUE
362,"Competition Shirt S/S 2021 Ladies, white, L (1)",4247756060076,TRUE
363,"Fly fringe strap, dark red full, with velcro clos.",0186538466126,TRUE
364,"Crazy chicken with catnip, 8cm (6)",0186530504224,TRUE
365,"Plastic Bowl 400ml, colour assorted",0186539629789,TRUE
366,"Halfter ClassicSoft black, Gr. Shetty",0186539232451,TRUE
367,Euro-hoof fat 1000 ml,0186539926168,TRUE
368,"Collar Colorado, fuchsia, 25 mm / 40-65 cm",0186533201124,TRUE
369,Travel bag BarrowBag 270 l 90 x 60 x 50,0186532960423,TRUE
370,Oster Orange Crme Shampoo dog Concentrate 12:1,0186532075671,TRUE
371,Battery to clipper GT200/GT210/GT300,0186532451499,TRUE
372,"Trensenzaum Cancun schwarz, Cob",0186532435102,TRUE
373,"Hotplate plastic for poultry waterer, 22 W,  30 cm",0186539632727,TRUE
374,Ceramic Bowl 150 ml,0186539551166,TRUE
375,"Reithose ClassicStar Damen graphite, Gr. 42",0186531218564,TRUE
376,Vitamin Shampoo for Dogs 200 ml,0186532065229,TRUE
377,"Quilted Vest Covalliero Children, black, size 152/158",0342644164136,TRUE
378,"Janne x PinkRibbon Reithose Dark Navy,Gr. 42",0186538215965,TRUE
379,Torqui for Favorita,0186539551097,TRUE
380,"lead string Reflective black/silver, snap hook",0186531874945,TRUE
381,"Waterer for poultry 12,0 litre",0186538235077,TRUE
382,"Competition Shirt Valentina Ladies, White, M/38",0186532225087,TRUE
383,"Guide Leash GoLeyGo Rope, bla.",0186531188325,TRUE
384,"Saddle girth black, 110 cm",0186532745767,TRUE
385,"Cohesive bandage EquiLastic 10cm x 4,5m, white",0056110036684,TRUE
386,"Feeding bag PRO, grey/yellow, 14x11x14cm",0186539193789,TRUE
387,"Small-mesh hay net green, mesh size: 5 x 5 cm with rings",0308362794823,TRUE
388,"Poloshirt Herren, graphite XL",0186530831858,TRUE
389,"Cosy Bed Milky, 40cm high 12cm",0186539368703,TRUE
390,"Suspended panel 20cm for PVC strip curtain, stainless steel",0186538283594,TRUE
391,Hobbyset with mains unit N700,0040561117326,TRUE
392,"Feed Shovel, 2kg Transparent",0186538314419,TRUE
393,"Rolled cotton wool Rollino 10cm/3 m, 8 pcs/pack",0186532165761,TRUE
394,"Thermal Boots Classic, Size 27 black",0186530184086,TRUE
395,"Plug for Piglet Ball, yellow",0186533217134,TRUE
396,"scratching post OPAL-MAXI grey, hight: 78 cm",0186539131616,TRUE
397,"Riding Tights Coldana Ladies, dark blue, 40/42",0186533260462,TRUE
398,"shoulder belt for travel box 84651, 84652, 84653",0186530649488,TRUE
399,"Aesculap Fur Comb with stainless aluminium handle, 192x44x5 mm",0186539638071,TRUE
400,"Infrared reflector Profi with 2,5 m cable and 3-stage switch",0040561119615,TRUE
401,"Children breeches Organomic black, Size 146",0186532225911,TRUE
402,Crib-biting stop AKS paste 250 g,0186531060068,TRUE
403,"Snap-on cutter head 1,2mm, No. 15",0186532183893,TRUE
404,"Cushion Oxford Place blue, 100x70x15 cm",0186532164395,TRUE
405,Constanta4 cattle clipper with premium blade set 21/23 teeth,0186531909205,TRUE
406,Replacement bait MouseStop 6 pcs,0102139792175,TRUE
407,"Travel manger 12 l blue, plastic, with hoock-in bail",0186531183992,TRUE
408,Hay Rack with Seat Platform 37 x 17 x 20 cm,0186531381991,TRUE
409,"Janne x PinkRibbon Reithose White Pearl, Gr. 46",4102880256299,TRUE
410,"Feed scoop aluminium, handy, 1250 g",0186538198144,TRUE
411,feather stick 51 cm with rattle,0186531894299,TRUE
412,Insert set (4pcs.) for 32469,0186532745529,TRUE
413,Float bowl plastic heatable Mod. SH30-24-RH,0186531618382,TRUE
414,Reithelm ProViso Gr. 57-61 cm,0186531895806,TRUE
415,"Saddle cover pony, made of cotton",0186539919302,TRUE
416,"High-visibility gaiters, 2 pcs/pack",0256850023053,TRUE
417,"Clipping machine Golden A5 2speed, without blades",0040561116405,TRUE
418,"Quilted Vest Covalliero Ladies, navy, size L",0186539353476,TRUE
419,Plastic Drinker 5.5 L petrol,0186532159442,TRUE
420,"Water bowl stainless steel E21 3/4"" connection",0186539637221,TRUE
421,Bird Sand 2500g (6),0186539115186,TRUE
422,Dog Socks Susi size M,0186532161183,TRUE
423,"Suspended float valve, stainless steel f pasture well",0186532438317,TRUE
424,"Riding Tights Superba Glen Plaid, size 42/44",0186539073824,TRUE
425,"Fhrstrick ClassicSoft stone, mit Karabinerhaken",0102140014128,TRUE
426,"Saddle pad anti-slip, 60 x 45 x 0,6 cm",0186537310008,TRUE
427,"Beech tar TarPaste, 5kg can",0186531899793,TRUE
428,"Leaf rake, 45 cm, 20 tines",0036873199788,TRUE
429,Couch Cushion Emalia 60 x 40 x 12cm,0186532418446,TRUE
430,"Riding Breeches BasicPlus LS Ladies, blue size 38",0186539568851,TRUE
431,"Riding helmet Beauty VG1 black, size 52-55",0186530638733,TRUE
432,"Ball ToyFastic, Squeaky orange, ?6cm",0186539210298,TRUE
433,Riding glove Gloria black size M,0186532946112,TRUE
434,"Bell Boots Teddy Fleece black, Pony",0186539022716,TRUE
435,Oster cable-less mini trimmer 13 cm,0186533239083,TRUE
436,"Saddle cover full, made of cotton",0186538059853,TRUE
437,"Poloshirt Damen, graphite XXS",4018653202728,TRUE
438,"ToplineNet 108cm, double prong",0186533270812,TRUE
439,Replacement element w/o door for 82704,0186532427421,TRUE
440,"Fleece coat Bern, grey M 40cm",0186530671476,TRUE
441,"lead string TopLine, forest snap hook",0186531118269,TRUE
442,"Feed scoop plastic, green, 2000 g",0186538459128,TRUE
443,"Bridle rack black, powder coated metal",0186539343884,TRUE
444,Aesculap Clip-on Comb 19mm SnapOn,0186531741809,TRUE
445,Riding glove SummerTech size M,7115001289356,TRUE
446,"Outdoor pen, galvanized, 220 x 103 x 103 cm",0186538397377,TRUE
447,Lead rope Supreme carabine forrest,0941702780794,TRUE
448,Wasp trap VespaNo,0186532414248,TRUE
449,"Halfter Classy, stone Gr. Pony",0186530592275,TRUE
450,"Reithose ClassicStar Damen navy, Gr. 32",0186532413871,TRUE
451,Fav 5 animal clipping machine,0186538294003,TRUE
452,Riding glove SummerTech size L,0186530031692,TRUE
453,"Stirrup tread pad, 12 cm, 1 pair/pack",0186538266071,TRUE
454,Saddle Freedom without saddle tree,0186539637537,TRUE
455,Bell Boots Teddy Fleece black XFull,0040561112514,TRUE
456,"Spring snap hook with swivel round for chain, 1pcs./pack",0186537054764,TRUE
457,Curry Comb Flex3,0186531814169,TRUE
458,"Feed trough long with feeding grill, 9 l, 95,5 x 21 x 12 cm",0186538263005,TRUE
459,LED Outdoor Spotlight 30W w MS Mod. 2020,0186532431529,TRUE
460,"Agility complete set 3 parts, red/yellow",0186531761842,TRUE
461,Grooming box Siena capri breeze,0186539437311,TRUE
462,"Children breeches Organomic navy, Size 128",0186531881327,TRUE
463,"Halfter ClassicSoft navy, Gr. Pony",0186539208554,TRUE
464,"Riding glove Magic Grippy for children, navy",0186530970525,TRUE
465,"RugBe Fleece blanket Economic navy, 135 cm",0308362747772,TRUE
466,parakeet ladder 7 steps length 32 cm,4110692045091,TRUE
467,"Feeder for hens, 50 x 10 cm galvanized",0186531883235,TRUE
468,"Hay Net with Filling Aid white, 90 x 110 cm, 3x3 cm",0186539924706,TRUE
469,"Lead rope Dexter, panic-hook, black",0186539448445,TRUE
470,Egg incubabor Big without motor,0186538287624,TRUE
471,Bear/Pig/Dog 22 cm 35 cm (3),0186539586363,TRUE
472,"Riding helmet Econimo VG1 size 58-61, black",0186538381989,TRUE
473,"2in1 Cosy Cave Alm, 55x33x30cm, Beige/Anthracite",0186532415855,TRUE
474,"Frost-protection heating cable with thermostat, 4 m, 64 W",0186530861867,TRUE
475,"Head Collar Hippo, Size 0 bordeaux/beige",0186539353169,TRUE
476,"Halter for GoLeyGo System, black/fuchsia, sz.2",0186539780235,TRUE
477,"Laying nest for animal hutch 82807, 85 x 37 x 48 cm",0186531884777,TRUE
478,"Spare Gras Mat 46 x 36 x 3,5 cm",0186533249128,TRUE
479,Transformer for trough heating 200 VA,0186531218185,TRUE
480,"Rubber currycomb Junior, oval, black, with handle, 12 x 8 cm",0186531347196,TRUE
481,Hay Rack with Feed-saving Bars For Horses,0186531195181,TRUE
482,"Brescia Socks, size 37-39 anthracite/grey",0186539211977,TRUE
483,"Hotplate plastic for poultry waterer, 15 W,  25 cm",0186532434289,TRUE
484,"Cutter head 16,0mm, Favorita",0186531892526,TRUE
485,Storage Bag 27x22x22cm anthracite/pistachio,4018653606505,TRUE
486,"Extension Unit with Escape Lock, 230x76x70",0186532113598,TRUE
487,"Riding glove Magic Grippy for adults, navy",0186539231913,TRUE
488,"Training dummy with loop, white/orange, 50x10cm",0186531177123,TRUE
489,"Memory-Foam Mattress oval, 120x72x8cm, grey/beige",0186531177436,TRUE
490,"Fleece Glove Xaina black, Size L",0186538387306,TRUE
491,"Riding gloves Reflective black, XL",0186539364508,TRUE
492,"Riding Breeches BasicPlus LS Ladies, black size 42",0186532187921,TRUE
493,"Mini chaps ClassicStretch, black, for adults, size L",0186538387162,TRUE
494,"MAXI LEADER training harness set, size 3, black",0186532184641,TRUE
495,Feed Bin with Lid 70 L white,0186539923643,TRUE
496,"Cat tree banana leaf, beige, 70x35x100cm, in brown box",0186539359965,TRUE
497,"Ridng Brchs BasicPlus Jodhpur Black, Size 36",0186531229528,TRUE
498,Mounting kit for fence gate (44891),0186538394093,TRUE
499,"Feeder for chicks unmounted, 5 l, galvanized",0186532433749,TRUE
500,"Thermo outdoor boots Stella black, size 40",0186531174911,TRUE
501,"Riding Tights Coldana Ladies, dark blue, 38/40",0186531179417,TRUE
502,"cat litter w. rim, 51x35x13 cm colour assorted",0186538323253,TRUE
503,"Snaffle Bridle Kingston, Black Cob, Engl. Combi Model",0186531081097,TRUE
504,Base for 71117 & 72248 Height: 25,0186539774467,TRUE
505,Canibeep Pro Acoustic Tracking Device,0186533249361,TRUE
506,"Electric fly killer EcoKill Inox 2030, 2 x 15 watt",0186531681892,TRUE
507,"Choker Wild Life brown, 40-70cm/25mm",0186539131786,TRUE
508,"Riding half-boot Monaco, leather, black, size 37",0186530610607,TRUE
509,"Sattelkissen schwarz, Webpelz Pony",0186531069072,TRUE
510,"Riding Glove Dana Black, Size M",0186531381443,TRUE
511,"Janne x PinkRibbon Reithose White Pearl, Gr. 36",0186531995417,TRUE
512,"Halter for GoLeyGo System, brown/l blue, sz.2",0186538409551,TRUE
513,Outdoor Enclosure for Young Animals 144x112x60cm,0186531346966,TRUE
514,"Universal Bandage Kompressa 8cm x 5m, 10 pcs Clinic Pack",0186532421629,TRUE
515,LED Outdoor Spotlight 10W w MS Mod. 2020,0186539320945,TRUE
516,"Halter SuperSoft, navy, Pony",0186539926549,TRUE
517,"Riding half-boot Monaco, leather, black, size 42",0186532906138,TRUE
518,"oxtail, 10-12cm, 500g",0186538273839,TRUE
519,"Lamb feed bottle complete with teat, with graduation",0186530619236,TRUE
520,"Replacement top bath for 82836, 92,5x72,5x3,5",0186538230716,TRUE
521,"Snugly bed Samuel silver/darkgrey,50x40x15cm",0040561114114,TRUE
522,"Water bottle 1000 ml, for rabbits, plastic, green",4018653312097,TRUE
523,"MIAMI training leash red, 15 mm, 200 cm",7115001289113,TRUE
524,"cat play ground Top, nature/white",0186539462201,TRUE
525,Stainless Steel Bowl 425 ml,0186539286151,TRUE
526,Pet Cushion Loneta brown/grey 120x85 cm,0186539449815,TRUE
527,"Kids Mini Chaps Lilli Black/Pink, Size 152",0186539780304,TRUE
528,"Cushion Oxford Place brown, 120x85x17 cm",0186530238156,TRUE
529,"Double wall waterer poultry 6,0 litre",0186532112296,TRUE
530,"Dressage Gaiters Fleece Front Brown, M",0186538340604,TRUE
531,"long link chain 4 mm, 59 cm",0186531180236,TRUE
532,"Jodhpur Riding Ankle Boot Oslo, Lined Size 39",0186539063474,TRUE
533,"Bit guards, black  9 cm, in pairs",0186532440367,TRUE
534,"Breeches BasicPlus for Men stone, size 54",0186539342109,TRUE
535,"Car Seat Bag Vacation 41x34x30cm, black/red",0186538248499,TRUE
536,"Reflective training leash, 20mmx10m, orange",0186538279017,TRUE
537,"Knotenhalfter Full, black/grey",0186530634154,TRUE
538,"Single shovel, 75 cm, black, for Mistboy",0186531199524,TRUE
539,"Quilted Vest Covalliero Men, navy, size XXL",0186531322419,TRUE
540,"Caparison Tampa Midblue, VS",0186538492002,TRUE
541,NATURE PLUS House with Hay Rack 54 x 41 x 30 cm,0186539461523,TRUE
542,Wooden Bench Nature 18 x 11 x 12 cm,0186531902271,TRUE
543,"Feed and water bucket FlatBack ca. 20 litre, green",0186532159378,TRUE
544,Pet Rewards Puppy Mix Biscuits 400 g,8116650169986,TRUE
545,"Double Hay Rack, 20mm Galvanised",0186539575854,TRUE
546,"Guide Leash GoLeyGo Rope, br. Adapter Pin, 12mm x 140-200cm",0186539636926,TRUE
547,"Round Leather Choker Roma stopper, 55cm, 8mm, cognac",0186531408194,TRUE
548,"Cozy Bed Angi 67 x 57 cm, blue",0186539921048,TRUE
549,"Breeches Organomic Ladies black, Size 42",0186531405053,TRUE
550,"Claw shear, without teeth, 26 cm long, green",0186539359729,TRUE
551,"Suction Hose 1 PVC Hose w. rigid PVC spiral, 25 m roll",0186532138277,TRUE
552,"RugBe Wint. Blanket IceProtect 300gr. navy/grey, 145cm",0186532075054,TRUE
553,Pet Rewards Duo Trainer 4-mix 500 g Bucket,0186539195909,TRUE
554,Buffalo meat 200 g,0186532265752,TRUE
555,"Breeches Organomic Ladies black, Size 40",0186531299062,TRUE
556,Jojoba Oil Shampoo for Dogs 200 ml,0186531092363,TRUE
557,"Nylon Halter Hippo, size 2 black",0186532220108,TRUE
558,"Suspended dial balance 250 kg, graduated in steps of 1 kg",0186532432991,TRUE
559,Warmblutmaske f. AirOne Flex,0186538372079,TRUE
560,Oster Paw Cleaner,4018653187433,TRUE
561,"Light & Reflex Jogging & Lead leash 2,5x250cm, yellow",0186530810996,TRUE
562,"Thermal Winter Shoes Ottawa 2.0, Size 44",0186533239849,TRUE
563,"fur comb fine, 21cm",0186532081136,TRUE
564,Diamond sharpener stick DICK,4170272740099,TRUE
565,"Slip leash Maxi Safe 170cm x 12mm,black",0186531886134,TRUE
566,"Whip holder plastic, 31 x 4 x 9 cm",0186539766237,TRUE
567,"Riding Breeches Economic Teens Blackberry, Size 146",0186531898631,TRUE
568,"Water bowl K75, plastic, 2,8 l 3/4"" connection",0035079794374,TRUE
569,Auto-Feeder 50 L with stands,0186532141901,TRUE
570,Covalliero Hoof Shoe sz. 6,0186533209763,TRUE
571,"Fhrstrick ClassicSoft cappuccino, mit Panikhaken",0186538195319,TRUE
572,CIT Fly Roll 3D Printed 7 m x 10 cm,0186539453225,TRUE
573,Spare String with Bead for Auto. Chicken Door,0186531573129,TRUE
574,Covalliero Hoof Shoe sz. 9,0186538320595,TRUE
575,"ActiveShirt Ladies, navy, size L (1)",0186533247217,TRUE
576,Replacement clipping blade for Onyx 18180 and Sonic,0186539279609,TRUE
577,Training pad 60x45cm for puppy toilet,0186531686534,TRUE
578,"Grooming sponge, made of foam",0186539344013,TRUE
579,Lick Stone Holder for Delizia,0186533009613,TRUE
580,"Riding breeches Economic, for kids, blue, size 128",0186539952806,TRUE
581,Sisal Rope 100 m,0186532076802,TRUE
582,Durati Spare Battery,0102139771767,TRUE
583,Constanta4 cattle clipper with premium blade set 31/15 teeth,0186533259263,TRUE
584,"Heunetz FlexiStrong, grn 90 x 90cm",0186531677554,TRUE
585,"Thermo outdoor boots Stella black, size 41",0186530412396,TRUE
586,Riding socks Grado nightblue size 37-39,0186539458039,TRUE
587,"Competition Shirt Valentina Ladies, White, XXL/44",0186538287316,TRUE
588,"acc. for 84651, 84652, 84653",0186539181662,TRUE
589,"MIAMI PLUS nylon collar with soft lining, red, 38-46cm/25mm",0186531870363,TRUE
590,"Riding gloves Reflective black, XXS",0186539455201,TRUE
591,"Double hopper for insertion, bar spacing 8 cm",0186538291106,TRUE
592,"Outdoordecke RugBe Zero 165 cm, grey",0186532184021,TRUE
593,"Tournament numbers, 3-digit,  9 cm, in pairs",0186539461694,TRUE
594,"Dog coat Quebec, grey/black, XL 50 cm",0186538207427,TRUE
595,"Loofah with three color rope red, white, blue",0186539574937,TRUE
596,Nibbling Wood Natural,0342644418109,TRUE
597,"Helmet lamp with 10 LEDs, without batteries",0186538385562,TRUE
598,"MIAMI harness red, 15 mm, 40-57cm",0186539527575,TRUE
599,Insect protection hotel 29x8x28 cm,4018653206308,TRUE
600,Willow ball  9cm for rodents,0186539506789,TRUE
601,"Dressage Crop, 120 cm, black",0102139702529,TRUE
602,"Oster soft finishing brush, blue",0186531618696,TRUE
603,"Round Leather Choker Roma stopper, 45cm, 8mm, black",0186531184506,TRUE
604,"Riding Tights Equona dark blue, size 128/134",0186530638049,TRUE
605,Hemp rodent mat 40 x 25 cm (1),0186530415365,TRUE
606,"soft pluck brush small, 16 x 6 cm for rodents",0186531786146,TRUE
607,"fur hair remover 15 x 4,5 cm for cats",0186539645521,TRUE
608,"Aesculap Fur Comb with stainless stell handle, 148x37x4 mm",0186531198393,TRUE
609,"Breeches Organomic Teens black, Size 176",0186539645694,TRUE
610,Electric kit for fence gates,0186531068533,TRUE
611,"Riding Breeches Bali Ladies, grey, size 42",0186532979642,TRUE
612,Thermometer for egg incubator 73.051,0186532111206,TRUE
613,"Feeding trough stainless steel round, 44x38x23cm, straight m.",0186531619209,TRUE
614,"Guide Leash GoLeyGo Vegas, bl. 20mm",0186531408026,TRUE
615,"Stirrup for kids w/o tread pad stainless steel, 1 pair /pack",0186538280767,TRUE
616,"Leash Colorado, fuchsia, 20 mm / 120 cm",0036870539196,TRUE
617,"Gaiters TecAir Pair f. Front, Brown, Full",0186531179967,TRUE
618,"Plastic waterer for chicken and hens, 5,5 litre, red",0186539450635,TRUE
619,"Litter fork Premium, black with Aluminium handle",0186531298766,TRUE
620,"Dog Cage collapsible black 92x63x74cm, 2 doors Slanted",0186537411609,TRUE
621,"Fly mask full, black, with cut-outs for the ears",4018653354363,TRUE
622,tt Height: 108cm - double prong,0186539843142,TRUE
623,"Riding glove Magic Grippy for adults, bordeaux",0186538493478,TRUE
624,"Blouson jacket -Covalliero- kids, black, size 164/170",0186531871288,TRUE
625,"Halfter ClassicSoft stone, Gr. Full",0102135029727,TRUE
626,Shearing blade set Kerbl cattle/horse 31/15 teeth,0186532436885,TRUE
627,"Snaffle Bridle Kingston, Black Full, Engl. Combi Model",0186539364299,TRUE
628,"Scratching post Opal Jute, 56x56x119cm, grey",0186539074811,TRUE
629,"Rdng Breeches BasicPlus Kids Black, Size 170",0186532364756,TRUE
630,"Riding Tights Equona dark blue, size 140/146",0186531895595,TRUE
631,metal twin feeder incl. 2 x 900 ml bowls,0186534465775,TRUE
632,Paw Cleaner Replacement Mitt,0186532919799,TRUE
633,"Kids Mini Chaps Lilli Black/Purple, Size 146",0186538065624,TRUE
634,"Show manger 12 l green, plastic, with hoock-in bail",0186538275749,TRUE
635,"Plastic Drinker 1.5 L with Feet, for Chicks and Chickens",0186538286636,TRUE
636,Cattle shearing machine constanta4 for special cattle clipping 20/4tth,0186533260155,TRUE
637,"Nylon Halter Hippo, size 0 navy",0186532096535,TRUE
638,"Currycomb metal, 9,5 x 14,5 cm, finely toothed",0186532158764,TRUE
639,"Riding Breeches Bali Children, navy, size 176",0186539854725,TRUE
640,Connector set f. IBC container,0186539562053,TRUE
641,Drinking bowl KN50 w. adapter plate for mount.water barrel,4018653382157,TRUE
642,Feeding Bowl 2 L Green,0186539198356,TRUE
643,"Snaffle loose ring bit 11,5 cm 18 mm thick, stainless, hollow",0186533265659,TRUE
644,transport box f. sm. animals 21 x 15 x 14 cm,0186539574623,TRUE
645,"Saddle Strap with Memory Foam Black, 140 cm",0186539526652,TRUE
646,"Rubber Tying Rope, Black, 70cm",0186530592342,TRUE
647,Grain mill 750 watts incl. 4 screens,0186539438237,TRUE
648,Replacement element with door for 82708,0186538329502,TRUE
649,"Sleeping Nest Sharon 50cm, brown",0056110019306,TRUE
650,"Round Leather Slip Leash Roma 170cm, 8mm, black",0186532997844,TRUE
651,Upper cutter plate medium 23 teeth,0186532220274,TRUE
652,"Reithose ClassicStar Damen graphite, Gr. 40",0186539382632,TRUE
653,Aesculap Clip-on Comb 19.0mm Favorita,0186539523448,TRUE
654,"Quilted Jacket Charmonix, grey/neon yellow, M 40 cm",0308363051747,TRUE
655,"Chew Sticks, 20mm/25cm, 3pc, 180g",0186539760437,TRUE
656,"Riding Breeches Bali Children, navy, size 158",0186539438169,TRUE
657,Cow ears dyed 10-bag,0186538206817,TRUE
658,"Rabbit feeder, galvanized, feed area: 1, 2200 ml",0444782991116,TRUE
659,"Bell boot, pair, black size cob",0040561110156,TRUE
660,"Lamb feed bottle Anti-Vac, complete with teat, graduation",0186538282747,TRUE
661,"Snugly Bed Lucca grey, 60x70 cm",0186532414483,TRUE
662,"Cat Litter Minka, green/white 57x39x41cm",0186533201057,TRUE
663,rodent harness 120cm leash size M,0186531883542,TRUE
664,"Hayrack XL NATURE 28 x 20,5 x 22 cm",0186530832086,TRUE
665,Poultry Drinking Bucket 6 L Plastic,0186532162793,TRUE
666,"Riding breeches Economic, for teens, black, size 158",0186532208947,TRUE
667,"Head collar Eco Pony, black",0186538294935,TRUE
668,Pet Rewards Salmon Trainer Grain-free 150 g,4018653320531,TRUE
669,"Short Leash Phoenix, blue 14 mm x 35 cm",0308362178289,TRUE
670,Native Snack Refill Pack for Rolling Buffet 2 piece 4cm (8),0186538469646,TRUE
671,MIAMI PLUS Nylon Collar,0186539454765,TRUE
672,Rodent House Tyrol Alpin 100 x 119 cm,0186530676594,TRUE
673,"Riding half-boot Classic, leather, black, size 38",0255895122526,TRUE
674,Dress boots syntetic material size 30,0186539321178,TRUE
675,"Cat Tree Matteo grey, 59x52x162",0186538346024,TRUE
676,"MIAMI collar, adjustable black, 20 mm, 40 - 55 cm",0186533240807,TRUE
677,"Dressage whip with glitter 110cm, black",0186539438302,TRUE
678,Base for Hay Bell With Fixing Set,0186533272411,TRUE
679,Rodent cabin with ramp Nature 22 x 48 cm,0186531677481,TRUE
680,"connection belt for safety belt black, 25 mm",0186531198151,TRUE
681,"Feeder, orig. Stkerjrgen, approx. 1 kg,  220 mm",0186539512554,TRUE
682,"Soft Gaiters Pelisa black, Full (L)",0186531433464,TRUE
683,"Riding breeches BasicPlus blue size 42, ladies",0186538396832,TRUE
684,Rodent House APPARTMENT 118 x 61 x 130 cm,0186532162628,TRUE
685,Microfibre grooming glove blue,0186531908529,TRUE
686,"wooden swing, 12 x 13.5 cm",0186530805971,TRUE
687,"Riding Tight ClassicStar Kinder, navy, Gr. 152/158",0186538440839,TRUE
688,Adapter plate for drinking bowl KN50/N20,0186539920439,TRUE
689,"Fence gate 2-3 m, adjustable height: 110 cm, galvanized",0186530819521,TRUE
690,"spare tub for 81727 101,5x54x6 cm",0186537411228,TRUE
691,"dog waste bags colourful, in display 50 pcs.",0186539953727,TRUE
692,Replacement Stake 90 cm white Single Prong,0102139795387,TRUE
693,stainless steel dogs' bowl 1800ml,0186539014345,TRUE
694,"Delizia treats liquorice, 1 kg",0186538351286,TRUE
695,"Dog Surg. Collar, inflatable, blue, neck circumf. 25-35 cm",0186539342657,TRUE
696,"Riding Tights Equona black, size 42/44",0186531183375,TRUE
697,Ceramic Bowl 250 ml,0186532163098,TRUE
698,Oster Premium Grooming Shears with rounded safety tips,0186538225865,TRUE
699,"Children breeches Organomic black, Size 122",0186532138727,TRUE
700,Brush 20 cm for cats,0186530677277,TRUE
701,"Winter Riding Gloves Mora, Black, Size L",0186530177606,TRUE
702,Spare flap for 80866,0186539546146,TRUE
703,"MIAMI harness black, 15 mm, 30-40cm",0186539926093,TRUE
704,"Outdoordecke RugBe Protect, 105cm, HighNeck, grey",0186530517646,TRUE
705,"Breeches Organomic Ladies navy, Size 32",0186538294794,TRUE
706,"Riding Tights Equona black, size 128/134",0186539069348,TRUE
707,"Mini chaps ClassicStretch, black, for children, size 140",0186532265447,TRUE
708,Cat Tree SAPHIR beige/brown height: 70 cm,0186532103762,TRUE
709,"Antifreeze thermostat, IP54",0186538286875,TRUE
710,"Cozy Bed Marie, grey, 47x37 cm",0186539024938,TRUE
711,TEDDY dog coat Girth measurement 39-50cm,0186532528192,TRUE
712,"Chewing rolls, mixed, 9-10mm shrinkpacked, 25 pcs. (12)",0186531883922,TRUE
713,Protection bar size 1 for water bowl,0186532435653,TRUE
714,"RugBe Indoor blue, 155 cm",0186538282679,TRUE
715,MAXI COACH size 4 black < 38 cm,0186532960359,TRUE
716,"Halter Cora Taupe, Mint, White, Size 1",0186539920981,TRUE
717,Thinking and Learning Toy Cake 30x23cm,0186539576089,TRUE
718,"EVA insole Tubbease Yellow, XXL",4025589203062,TRUE
719,"Hammock Dream, white with wood frame, 51x46x19.5cm",0186538347949,TRUE
720,"Bit guards, black  7 cm, in pairs",0186539776998,TRUE
721,"Feeding Trough for Mounting, HangOn, appr. 13L., Aquamarine",0186531060206,TRUE
722,Bird Toy Nature with bell Length 36 cm,0357380071717,TRUE
723,"Thermal Winter Shoes Ottawa 2.0, Size 43",0186532434354,TRUE
724,Riding helmet Nerron VG1 size 55-59 cm,0186530577599,TRUE
725,"Hay net white 90 x 60 cm, mesh size: 3 x 3 cm",0186532457059,TRUE
726,Cutter Head Favorita 7.0mm With DLC Coating,0186539137032,TRUE
727,"Mounting shackles, in pairs, for water bowls",0186531199459,TRUE
728,"Slow feeding net 3,6 x 2,4 m, mesh 10,0 cm",0186538310763,TRUE
729,"Safety Belt for Gulliver Touring IATA 81340, 3 Set",0186539635177,TRUE
730,"connect.piece for safety belt black, 25 mm",0036875105804,TRUE
731,"Bed Cushion Pouf,  60 x 19cm, taupe / brown",0186532080839,TRUE
732,"Cleanging sponge Flecki, horse shape, yellow/pink/blue",0186532087001,TRUE
733,"Guide Leash GoLeyGo Vegas, bl. 10m",0186532233525,TRUE
734,"Head collar Hippo size 2, bordeaux",0186532096157,TRUE
735,"Halter SuperSoft, black, Pony",0186539633572,TRUE
736,"Snap-on cutter head 0,5mm, No. 30",0186538198215,TRUE
737,"Dog ruff, 26x13cm",0186531199215,TRUE
738,Pedocan hoof ointment 1000 ml,0186539320704,TRUE
739,"FarmClipper 4, 200W, 31/15th. cattle/horse",0308362871116,TRUE
740,"Rubber currycomb Junior, oval, red, with handle, 12 x 8 cm",0186531777098,TRUE
741,Stainless Steel Bowl coloured 450 ml,0186538397134,TRUE
742,Deckentasche,0186538268746,TRUE
743,Native Snack Herb Tunnel L 30 x  21 cm,0186532440436,TRUE
744,"Nylon Halter Hippo, size 2 aubergine",0308361918765,FALSE
745,Reflective Norwegian Harness 25mmx70-90cm,0186531686394,FALSE
746,"Head collar Mustang size 2, black/silver",0186531983469,FALSE
747,Wall holder,0186530518495,FALSE
748,"Currycomb spiral,  10,5 cm, finely toothed",0186532908428,FALSE
749,"Breeches HighWaist dark grey, size 44",0186530638356,FALSE
750,"Riding Tights Coldana Ladies, dark blue, 44/46",0186531802111,FALSE
751,"Riding Breeches Economic Lds wood, size 46",0186538439948,FALSE
752,"Ceramic Bowl Kitty 14x14x2 cm, grey",0186531437668,FALSE
753,"Bonum Large Animal Clippers f. Horses/Set, 1 Battery, Blue",0186530544206,FALSE
754,"Feed and water bucket FlatBack ca. 20 litre, blue",0186532419362,FALSE
755,"Kids Riding Gloves Lilli Black/Purple, Size S",0186539280283,FALSE
756,metal twin feeder incl. 2 x 1800 ml bowls,0186539554994,FALSE
757,"Lead Rope Cora, Panic Snap Dark Blue, Grey, White",0103129012673,FALSE
758,"Jodhpur Riding Ankle Boot Oslo, Lined Size 38",0186539136044,FALSE
759,"Frontbag Vacation 31x24x38cm, black/red",0186530589306,FALSE
760,"Suspended dial balance 100 kg, graduated in steps of 500 g",0186531188873,FALSE
761,"Anchor set for 223623, 223624",0186533262516,FALSE
762,"Booth shaft Elasto with elastic insert, size XL",0186530550831,FALSE
763,Nesting box for parakeets 21x13x13cm,0186537003724,FALSE
764,"Munchies mixed pack of 100 9 - 10 mm / 12,5 cm",0186533249435,FALSE
765,"Children breeches Organomic black, Size 140",0186530475145,FALSE
766,"Muzzle Teddy Fleece, Nylon, black, Pony",0186531655466,FALSE
767,"Petfood Container 15lt, brown/white",0186532162244,FALSE
768,"Cat toy duck with Cat Nip in the Tube , 9cm (6)",0186532165149,FALSE
769,MIAMI PLUS dog harness Grith 70-90cm,0186539026083,FALSE
770,Riding Tight ClassicStar Damen,0186538367126,FALSE
771,"Harness Miami purple 40-57 cm, 15 mm",7115001289598,FALSE
772,"Quail bowl, plastic, 1,5 litre orig. Stckerjrgen, two-piece",4170272863545,FALSE
773,"Poultry waterer Kubic, 50 l",0186539274343,FALSE
774,"Fhrstrick Classy, stone mit Karabinerhaken",0601343354593,FALSE
775,Spezial-Tonerde-Balsam 5kg,0186538218865,FALSE
776,Square Rack Hobby,0186539561373,FALSE
777,"Riding breeches Economic, for teens, black, size 146",0186538291039,FALSE
778,"Breeches HighWaist dark blue, size 42",0186539198976,FALSE
779,"Dog Waste Pouch green, 4x15pcs cornstarch",0186538263242,FALSE
780,"Bell Boots Pelisa navy, Pony (S)",0186531618453,FALSE
781,"Bucket Jumbo, 20 litre, green, with metal holder",0186532420941,FALSE
782,"FlexBag flexible trough, ca. 42 litre, blue",0353680833583,FALSE
783,"Feed scoop aluminium, round, 2500 g",0186532969124,FALSE
784,"Cotton ball with rope,  9 cm",0186539635627,FALSE
785,"Bootjack plastic, incl. Protective rubber inlay",0186531802041,FALSE
786,"Feeding Trough for Mounting, HangOn, approx. 13L, Pink",0186537410169,FALSE
787,spare clean-up bags 4 rolls a 20 bags,0102139714404,FALSE
788,"Hufglocken Reflective black/silver, Pony",0186531899932,FALSE
789,"Fur detangler blade, 18 cm",0186538366756,FALSE
790,"Blouson jacket -Covalliero- ladies, blue, size M",0186539590846,FALSE
791,"Cover for buckets and feed pans,  40 cm, 2 pcs",0186537411152,FALSE
792,MagicBrush CAT pink candy,0186533233971,FALSE
793,"Street broom Kompakt, 42 cm",0186539285856,FALSE
794,"Trolley Vacation black/red, 42x55x55/103cm",4018653387586,FALSE
795,"Riding Breeches Bali Children, navy, size 152",0186531876549,FALSE
796,"play stick, vinyl, 30cm, brown (4)",0186532427598,FALSE
797,SMARTICK Tick Tweezers green,0186539513929,FALSE
798,"Soft Gaiters Pelisa navy, Full (L)",0186539766307,FALSE
799,"Delicious cubes Original, 1 kg",0035079800068,FALSE
800,"Hufglocken Reflective black/silver, Full",4018653320607,FALSE
801,"Feeding Dispenser Maya 1,5 l coffee, 750g",0186538360713,FALSE
802,"Boots NeoLite Black, Size 36",0186532162559,FALSE
803,"hamster wheel wood/kork 22cm,brown carton + sticker",0186531068912,FALSE
804,"Towline Miami with soft grip orange, 10m x 20mm",0186531202794,FALSE
805,"LED Indoor Spotlight 150W dimmable, version 2019",0186531412816,FALSE
806,"Riding half-boot Axona, PVC, size 38",0186532144285,FALSE
807,"Spare teat for Anti-Vac lamb feed bottle 278, 2 pcs/pack",0186538307581,FALSE
808,"Fleece Jacket Covalliero Chld navy blue, size 140/146",0186532438174,FALSE
809,"Rope Leash Seoul 10mm x 200cm, yellow",0186539280428,FALSE
810,"Riding Breeches Bali Children, navy, size 146",0186538295546,FALSE
811,Horse shampoo Dermocan 500 ml,0186531618764,FALSE
812,"Eggbut bit 14,5 cm stainless, hollow",0186538384571,FALSE
813,"Dirt catcher mat SuperBed grey,80x50cm",0186531601696,FALSE
814,"Scratch and cleaning mat 40x60cm, green",0186532219214,FALSE
815,"Light & Reflex lighted collar pink, M/L",0186530480168,FALSE
816,"Bell boot, pair, black size full",0186538435507,FALSE
817,"Double hopper for attachment, rod distance 40 mm, galv.",0186539554754,FALSE
818,"Suspended dial balance 5 kg, graduated in steps of 20 g",0186539443637,FALSE
819,"Ceramic Bowl Spirit, 1750 ml",0308362794991,FALSE
820,"surveillance camera IP Cam Pet 11 x 8,5 x 11,5 cm",0186537412527,FALSE
821,"Harness Xenos 15mm x 30-40cm,",4018653401649,FALSE
822,Boxentasche,0186539079869,FALSE
823,"LED lightning toy rod for dogs yellow,",0186532430847,FALSE
824,Thinking and Learning Toy Face  23cm,0186532184404,FALSE
825,"Riding gloves Reflective black, XS",0186530970145,FALSE
826,"Head collar Eco XXfull, brown",0186532973845,FALSE
827,Swing-through lock for fence gates,0186539190881,FALSE
828,"Climbing Wall Mont Blanc for Cats, 6-pce, beige",0186532061958,FALSE
829,Vitamin-concentrate AD3EC 500 ml,0186539639829,FALSE
830,hamster wheel 15 cm assorted colours,4018653515284,FALSE
831,Replacement net for 82708 tt,4018653289643,FALSE
832,"Plastic bowl anti dribble 1000ml, white",0186539568303,FALSE
833,"RugBe Unterdecke 155cm, navy",0186538276285,FALSE
834,"Rubber Tying Rope, Black, 90cm",0186531846534,FALSE
835,"Reflective padded harness 25*50-80cm, black/yellow",4018653133978,FALSE
836,"Feet 4-pack, Matching For Drinkers 70141 and 70142",0186538285265,FALSE
837,"PVC strip curtain, 300 x 3mm, transparent, 25m",0186539574008,FALSE
838,"Infrared reflector with 2,5 m cable + power saving switch",0186539360231,FALSE
839,"Fleece Jacket Covalliero Lds navy blue, size XL",0186539320327,FALSE
840,"Native Snack Clover Leaves 2 piece 70 g, 6 cm (8)",0035079630236,FALSE
841,"Lick stone holder without contents, dark green",0186532365296,FALSE
842,Grooming box Siena navy/light blue,0186533268622,FALSE
843,"Battery Clipper Durati, white with pink print, 2 batteries",0186539455442,FALSE
844,Safety Vest back length 60 cm 70-86 cm,0186532418685,FALSE
845,Large broom 100 cm with bolted handle holder,0186539769683,FALSE
846,"Collar VEGAS HQ, 35mm/46-52cm brown",0186539195836,FALSE
847,"Riding gloves Reflective black, M",0186533229188,FALSE
848,"Euro-leather oil, 500 ml",0186531216583,FALSE
849,"FlexBag flexible trough, ca. 28 litre, blue",0186531185976,FALSE
850,Water trough with float valve,0186532432443,FALSE
851,"RugBe IceProtect Wint. Blanket 200 g, Black, 165 cm",0186530600708,FALSE
852,Water bowl cast iron,0186539079934,FALSE
853,"Lead rope Hippo, panic-hook, black/silver",0186532075986,FALSE
854,Beeswax leatherfit-oil 1000 ml,0186532102775,FALSE
855,"Mane comb, aluminium, 10 cm, without handle, 1 pcs/pack",0040561110086,FALSE
856,"BASIC CARE disentagling comb w. rotating pins, 18 cm",0186531873339,FALSE
857,"Show Jacket Samantha Children, Black/Grey, 152/158",4018653971209,FALSE
858,"Euro-leather grease yellow, 450 ml",0186532105361,FALSE
859,Gasket ring for adapter plate 221757,0601343373239,FALSE
860,"Rat trap snapper, 14 x 7,5 cm 1 pcs/pack",0186530673215,FALSE
861,"Scratching post Opal-Maxi 78cm, beige, each in brown box",0186539321246,FALSE
862,"Hoof pick, black",0186530753574,FALSE
863,"Fleece-Bandage Lilli Starlight 4 Stck, 8cm/2m",0186533235338,FALSE
864,"Thermo outdoor boots Stella black, size 42",0186530636686,FALSE
865,spare link 3.8 mm for 83352,0186539593816,FALSE
866,Sniff Rug grey 50x30 cm,0186530670173,FALSE
867,"Breeches Organomic Teens navy, Size 164",0186532062878,FALSE
868,"Insect protection hotel 27,5x9x39,5 cm",0186532434736,FALSE
869,"Riding Tights Coldana Children, dark blue, 140/146",0186532139195,FALSE
870,"MIAMI PLUS nylon collar with soft lining, red, 45-53cm/30mm",0186539131479,FALSE
871,"Show manger 12 l lightgreen, plastic, with hoock-in bail",0186538421332,FALSE
872,Connector Set for Pasture Pump,0186539135982,FALSE
873,Dog Flea Collar 60cm,0342644191242,FALSE
874,Grooming box Roma midnight blue,0186531885454,FALSE
875,"Sweat scraper, heavy model, with two plastic handle",0186531594776,FALSE
876,Bowl Base blue/pink/white,0186532992033,FALSE
877,"Battery Clippers DropiX Waterproof, incl. Accessories",0186531034943,FALSE
878,"Tool and broomstick with conus aspen wood,  28 mm, 160 cm",0036873610075,FALSE
879,"Head collar Hippo, size 0 anthracite/lemon",0186538287795,FALSE
880,"Transport box Portobello 30x23x23cm, grey/transparent",0186532436402,FALSE
881,Fodder Rack HayBox,0601343373611,FALSE
882,Plastic Poultry Auto-Feeder 1 ltr.,0186539522219,FALSE
883,"Slip leash Maxi Safe 170cm x 12mm, neon orange",0186533272653,FALSE
884,Alpaca Halter Adjustable Blue,0186538360887,FALSE
885,"Snugly Bed Lucca grey, 70x85 cm",0353680841268,FALSE
886,"Nylon Halter Hippo, size 4 navy",4018653595623,FALSE
887,"Infrared reflector Kerbl with 5,0 m cable, 35 cm reflector",0040561142696,FALSE
888,"Snaffle Bridle Classic Leather, Black, Pony",0186539231467,FALSE
889,MIAMI PLUS dog harness Grith 80-100cm,0186537412079,FALSE
890,"Thermal Boots Classic, Size 38 black",0186539389731,FALSE
891,"Halfter ClassicSoft cappuccino, Gr. Pony",0186531174534,FALSE
892,"Foam Ball  4,5cm blue, 3 pic.",0186530591427,FALSE
893,"Lead rope Mustang, panic-hook, blue/black/whtie",0186539196135,FALSE
894,"Rabbit manger, galvanized, 30 x 10 x 15 cm (5)",0186531556465,FALSE
895,"Riding breeches BasicPlus black size 42, ladies",0186539279152,FALSE
896,"Quilted Jacket Charmonix, grey/neon yellow, S 35 cm",0186531187711,FALSE
897,"Spare Hook and Loop Fstnr blue for Tubbease, pairs",0186531217021,FALSE
898,Oster Premium Slicker Brush L,0186531785846,FALSE
899,"Solid Rubber Bone, blue, 17cm",0186530440186,FALSE
900,"Mice with Feathers Nature 4,5 cm",0186539282405,FALSE
901,"Covalliero Reit- und Outdoor- mantel, Damen, navy, Gr. L",0186539326053,FALSE
902,Hufkratzer Lilli Starlight,0186532976125,FALSE
903,BASIC CARE dust and flea comb,0186530638287,FALSE
904,"Ridng Brchs BasicPlus Jodhpur Blue, Size 46",0186539370139,FALSE
905,CoolSpray for clipping blades 500 ml,0186539277483,FALSE
906,"Halfter ClassicSoft navy, Gr. Shetty",0186532419744,FALSE
907,Collar MIAMI adjustable 40-55cm/20mm green,0186530637812,FALSE
908,"Tie strap Kerbl, length 70cm adjustable",0186530753647,FALSE
909,Riding Tight ClassicStar,0186539443701,FALSE
910,"Schabracke Empara white, VS",0186539526892,FALSE
911,"Snap-on cutter head 2,4mm, No. 10W",0102140010301,FALSE
912,"Knotenhalfter Cob, navy/beige",0186537210323,FALSE
913,"Oster rubber currycomb, fine, blue",0186538465372,FALSE
914,Bird Cage Gabbia Sophia 36 x 57 cm,0186531242606,FALSE
915,Lower cutter plate narrow 31 teeth,0186539448992,FALSE
916,"Rice Straw Broom 5-Seam with Painted Handle, 135cm",0186538263866,FALSE
917,"Feeding basket, height: 50 cm made of galvanized iron",0186539025852,FALSE
918,"Hay net black, with rings mesh size: 10 x 10 cm",0186533270124,FALSE
919,"soft plug brush big, 16 x 6 cm",0308361170983,FALSE
920,Cotton Ball  15cm,0186531890921,FALSE
921,Raincoat Manchester black 30 cm,0186539025783,FALSE
922,"Quilted Jacket Covalliero Ladies, black, size XXL",0186530888837,FALSE
923,"Halter SuperSoft, black, Full",0186530832157,FALSE
924,"MIAMI Multi-Leash,",0186530671091,FALSE
925,"Hay Rack, large model, galvanised",0186539639514,FALSE
926,"Cohesive bandage EquiLastic 7,5cm x 4,5m, blue",0186531601213,FALSE
927,"Economy infrared lamp 175 W, transparent, orig. Philips",0186532419431,FALSE
928,"Soft Lunge 8m, brown/l. blue",0186532076592,FALSE
929,"MIAMI training leash blue, 15 mm, 200 cm",0186539432502,FALSE
930,"Riding Tights Equona dark blue, size 40/42",0186538280692,FALSE
931,"Janne x PinkRibbon Reithose White Pearl, Gr. 42",0186539231089,FALSE
932,car safety net,0186531405672,FALSE
933,"Reflective padded harness 20*40-60cm, black/yellow",0186530392983,FALSE
934,Round rack w/ 8 feeding slots,0186532095781,FALSE
935,"Rdng Half-Boot Leather Classic dark brown, size 41",0186531895976,FALSE
936,TITAN LIGHT Sheep Netting 50m Height: 108cm - single prong,0186530448726,FALSE
937,"Fibreglass post 70 cm, 10 mm, green, for Hobbyset",0186539759928,FALSE
938,"Drinking bowl K50, plastic, black",0186539435409,FALSE
939,"Show Jacket Turinga Ladies, navy, XS/34",4018653869409,FALSE
940,bow swing 10 x 20 cm,0186532995486,FALSE
941,Bell Boots Teddy Fleece black Full,0186539720457,FALSE
942,"Needle currycomb , blue, plastic, 17,5 x 8,5 cm",0186539775454,FALSE
943,"Quilted Jacket Covalliero Ladies, navy, size S",0186532075742,FALSE
944,"Favorita CL II, 1 Battery signal red",0186532094627,FALSE
945,"Ceramic Bowl Hungry white/brown, 250ml",0186539551231,FALSE
946,"Delizia herbs licking stone Equisal DarmoFin, 3kg",0186539779101,FALSE
947,"Stable blackboard, black, for horses, 30 x 20 cm",0186532224549,FALSE
948,"Riding Breeches Bali Children, grey, size 140",4018653201737,FALSE
949,"Poultry net 15 m, green, 106cm double prong, electrifiable",0186539547203,FALSE
950,"Aluminium shovel Profi size 9, galvanized edge",0186531869542,FALSE
951,"Stable, spreading and muck fork, black, plastic",0186538176122,FALSE
952,"Ridng Brchs BasicPlus Jodhpur Black, Size 34",0186531071409,FALSE
953,"Halfter ClassicSoft cappuccino, Gr. Cob",0186531609234,FALSE
954,"Thermal Winter Shoes Ottawa 2.0, Size 36",0186539041144,FALSE
955,Lower cutter plate,0186539389979,FALSE
956,Bone on a Rope rubber/cotton green/yellow 30 cm,0186532289069,FALSE
957,"Breeches HighWaist dark grey, size 34",0186539634254,FALSE
958,"MIAMI training leash black, 15 mm, 200 cm",4018653509278,FALSE
959,Cushion 48 x 29 cm,0186532418208,FALSE
960,"Safety Vest ProtectoFlex 315 Light, Adult Size M, BETA",0186538287489,FALSE
961,"Ridng Brchs BasicPlus Jodhpur Black, Size 38",0186532436028,FALSE
962,Lead rope Supreme panic hook forrest,0186537030382,FALSE
963,Dog Coat Royal Pets 45cm,0186532529875,FALSE
964,"feed tree, height: 30 cm",0186539586432,FALSE
965,"Riding Glove Dana Black, Size S",0186531434212,FALSE
966,Set of comps snap-on,0186530676807,FALSE
967,"Head collar Hippo size 2, navy/light-blue",0186531614329,FALSE
968,"Maxi Safe LED Collar, yellow 55 cm",0186530637361,FALSE
969,"MIAMI PLUS nylon collar with soft lining, red 53-61cm/38mm",0186531298072,FALSE
970,"Riding half-boot Classic, leather, black, size 45",0186532184331,FALSE
971,"Lick Holder Rose Plastic, Rectangular",0186538489518,FALSE
972,Magnet massage curry comb royal blue,0186532161498,FALSE
973,"MIAMI collar, adjustable blue,15 mm, 30 - 45 cm",0186530851418,FALSE
974,Lungs 250 g,0186531381374,FALSE
975,"Riding socks Bresica, darkblue plaid, size 37-39",0186539278473,FALSE
976,"Riding Tight ClassicStar Damen graphite, Gr. 42/44",0186539064226,FALSE
977,"Halfter ClassicSoft black, Gr. Cob",0186531413352,FALSE
978,"Dressage whip, 110 cm, gold",0186532416778,FALSE
979,Collar Antislip rubberised 33-39cm/20mm,0601343374082,FALSE
980,Football on a Rope 42 cm rubber/cotton green/yellow,0186539379383,FALSE
981,"Shoulder Harness Agility with leash 2m, lila, size M",7115005752036,FALSE
982,Shaggy Lamb 39 cm,4018653382225,FALSE
983,"parrot toys, natural wood 40 cm",0186531242916,FALSE
984,Fliegenhaube Empara white,0186531431552,FALSE
985,"Bucket holder foldable, wall mounting",0186538285881,FALSE
986,"Riding Helmet Beauty VG1, Grey, Size 52 -55",0186530501945,FALSE
987,Mounting plate for water bowls 221500/221800/222000,0186531068601,FALSE
988,Double Float Drinking Bowl S60 for Barrel Attachment,0186532906205,FALSE
989,Poultry Transport Box 60x29x22 cm,0186539033606,FALSE
990,Fav 5 CL battery clipper set,4018653509652,FALSE
991,nylon floor for containment pen 82707,0186532513312,FALSE
992,"pig ears, 5 pcs./bag (40)",0186539041458,FALSE
993,"Mane comb, aluminium, 10 cm, without handle",0186532074442,FALSE
994,"Riding Breeches BasicPlus LS Ladies, blue size 36",0186539115704,FALSE
995,"Kerbl economy infrared lamp 100 W, red (12)",0186538202546,FALSE
996,"MIAMI training leash, double black/red, 25 mm/200 cm",0186539044734,FALSE
997,"Reithose ClassicStar Damen graphite, Gr. 34",0186531888668,FALSE
998,"Magic Brush Pferdekardtsche 14x7 cm, water lily",0186531902413,FALSE
999,"cat collar, reflecting",0186531206758,FALSE
1000,Leash MIAMI 200cm/25mm orange,0186531321351,FALSE
1001,Dog Socks Susi size XL,0186538411051,FALSE
1002,"Eggbut bit 13,5 cm stainless, hollow",0186531188499,FALSE
1003,"Fly fringe strap cob, black",0186532909411,FALSE
1004,Spray nozzle for Foxfire,0186539554687,FALSE
1005,"Guide Leash GoLeyGo Flat, br. Adapter Pin, 10mm x 140-200cm",0186533205182,FALSE
1006,"Lead rope Hippo, panic-hook, light-blue/dark-blue",0186539081124,FALSE
1007,"Schabracke Empara navy, VS",4018653985924,FALSE
1008,Manure Scraper Adjustable with Telescopic Handle,0186539115018,FALSE
1009,Chicken Sandwich 50g (12),0186533272721,FALSE
1010,hoof fat black 1000 ml,0186539352863,FALSE
1011,"Cleaning glove red, 17 x 13 cm",0186538328068,FALSE
1012,Spare lock with key for 32707,0186539573704,FALSE
1013,Compact Power B 40,0186539435952,FALSE
1014,Bird Play Ring 19 x 20 cm,0186538277653,FALSE
1015,"Treatment Shoe for Hooves and Claws, One Size",0186530103729,FALSE
1016,Fly Mask Tampa Light Grey,0186533260911,FALSE
1017,"Rdng Half-Boot Leather Classic dark brown, size 36",0186539556354,FALSE
1018,"Thermal Boots Classic, Size 39 black",0186532164847,FALSE
1019,Thinking & Learning Toy Switch  25cm,4110692660024,FALSE
1020,"Ceramic Bowl Spirit, 500 ml",0186532438489,FALSE
1021,"Waterer for doves, 5,0 litre plastic",0186532529701,FALSE
1022,"Poloshirt Herren, graphite S",0186531072565,FALSE
1023,"Fly fringe strap full, black",0036871353947,FALSE
1024,"Sattelkissen wei, Webpelz Pony",4018653317662,FALSE
1025,Playing Fishing Rod Nature 40 cm,0102139778313,FALSE
1026,"Maxi Safe LED-collar Nylon, length 65 cm, pink",0186532080526,FALSE
1027,"Schabracke Freespace white, VS",0186539242738,FALSE
1028,corner pan for pet cages 16 x 11 x 8cm,0186532420014,FALSE
1029,Agility Upright Jump 70 x 5 x 35 cm,0186537055132,FALSE
1030,"Riding half-boot Monaco, leather, black, size 39",0186539561205,FALSE
1031,seed and water cup 130 ml (12),0186530164281,FALSE
1032,Replacement brass valve for 221500/221800/222000/22500,0186539081293,FALSE
1033,"Harness for Small Dogs XS, neon pink",0186531187404,FALSE
1034,"car cover, black, for back seat",0186531042315,FALSE
1035,Auto-Feeder 4 kg Organic Plastic,0186531194881,FALSE
1036,"Boots NeoLite, black, size 44",0186539231778,FALSE
1037,"Pet Bed Golden 90x65 cm, red/brown",0186539648598,FALSE
1038,"Snaffle loose ring bit 13,5 cm 18 mm thick, stainless, hollow",0186539383481,FALSE
1039,Native Snack Rolling Buffet on Wooden Spike 11 x  6 cm (3),0186538286188,FALSE
1040,"Janne x PinkRibbon Reithose Dark Navy,Gr. 46",0186539454906,FALSE
1041,Maxi Safe LED Collar Light blue/red,0186532240529,FALSE
1042,"Head collar Mustang size 2, royablue/black",0186533259716,FALSE
1043,Riding socks Grado nightblue size 40-42,0186539347772,FALSE
1044,"soft football,  11 cm",0186531885216,FALSE
1045,"Blouson jacket Covalliero men, blue, size XXXL",0186539771706,FALSE
1046,"RugBe Fleece blanket Economic black, 155 cm",0186539285305,FALSE
1047,IPCam 360 RC/HD with optical Zoom,0186531405293,FALSE
1048,"Head collar Eco full, brown",0186539881074,FALSE
1049,"Riding Breeches Bali Ladies, grey, size 38",0186539522761,FALSE
1050,Antyflymask FinoStrech full black,0186530546598,FALSE
1051,"Caparison Salvina VS Iceblue, Pony",0186538336679,FALSE
1052,"Show Jacket Turinga Children, navy 140/146",0186532138585,FALSE
1053,"Riding breeches Economic, for teens, blue, size 140",0186539370997,FALSE
1054,"Safety Vest ProtectoFlex 315 Light, Adult Size L, BETA",0186531619069,FALSE
1055,"HeuBoy Feed and Play Ball, Red",0186532701897,FALSE
1056,"Boots NeoLite, black, size 45",0186530969631,FALSE
1057,Magic Brush Kombi Brste Holz Rosshaar/Fibre,0186530676735,FALSE
1058,"roll-a-nest, small",0186532144598,FALSE
1059,"Bandaging Underlay pair, white, 45x29 cm",0186539447902,FALSE
1060,"Rubber bands, white, 800 pcs/dispenser",4018653854557,FALSE
1061,Oil for clipping machines 100 ml,0308362881015,FALSE
1062,"Wall-Mounted Pet Bed Tofana 50x35x1,5cm, grey",0353680035853,FALSE
1063,"Oster grooming kit, blue",0186532080145,FALSE
1064,"Collar VEGAS HQ, 35mm/50-58cm brown",0186539276634,FALSE
1065,"Fly Blanket Zebra, 125 cm",0186533285903,FALSE
1066,"Aesculap Fur Comb with stainless aluminium handle,247x44x6 mm",0186538341692,FALSE
1067,parrot swing 45 cm,0186539352557,FALSE
1068,"Feeder for 14.4 l/12 kg, with Feet, for Poultry",0186537023699,FALSE
1069,"Fhrstrick Classy, merlot mit Panikhaken",0186533281182,FALSE
1070,"Reflective padded harness 15*30-40cm, black/yellow",0186531296851,FALSE
1071,"Halter for GoLeyGo System, black/fuchsia, sz.3",0308362751705,FALSE
1072,Dry Shampoo for dogs 200ml,0186539034767,FALSE
1073,"Bird Chico, 9cm",0186538316563,FALSE
1074,"ProtectoSoft back protection vest for adults, size L",0186532217544,FALSE
1075,MIAMI PLUS Nylon Collar,0186532091651,FALSE
1076,spiral stake 8 mm x 40cm with yard lead 5mm x 6m,0186539773301,FALSE
1077,"Harness Miami purple 30-40 cm, 15 mm",0186538286321,FALSE
1078,Deckenleiter,0186532184714,FALSE
1079,"Stainless Steel Bowl ANTI DRIBBLE, 500 ml",0186539573635,FALSE
1080,"Poloshirt Damen, graphite L",0186539131098,FALSE
1081,"Cozy bed Oxford Place, light grey, 85 x 110 cm",4018653285517,FALSE
1082,"Water and feed trough, green, 45 litre",0186538278572,FALSE
1083,"EVA insole Tubbease Pink, S",0186532419818,FALSE
1084,"Scratching Board Wave, beige, 51 x 28.5 x 18 cm",0186532222185,FALSE
1085,"Head collar Mustang size 3, red/black",0186539443949,FALSE
1086,"Lunge Whip with telescopic handle, 105-200 cm",0186532943528,FALSE
1087,"Bridle bracket with 4 hooks, black",0186531869924,FALSE
1088,"Fence gate 4-5 m, adjustable height: 110 cm, galvanized",0186530622104,FALSE
1089,"Water Dispenser Maya 3,5l sand",0186538312812,FALSE
1090,"Cat Harness Activ red, 120 cm",0186531994421,FALSE
1091,"Hay Net with Filling Aid white, 100 x 150 cm, 3x3 cm",0186530970695,FALSE
1092,"Waterer for chicken and hens, plastic, 10,0 litre",0186539365802,FALSE
1093,"Feeder for hens, 100 x 20 cm orig. Stkerjrgen, plastic",0186531118025,FALSE
1094,"Saddle girth black, 70 cm, synthetic rubber",0186537235172,FALSE
1095,"Escape lock, conversion set for 70345",0186531348015,FALSE
1096,Collar MIAMI adjustable 30-45cm/15mm green,0186538327076,FALSE
1097,"Saddle Strap with Memory Foam black, 115 cm",0186530621598,FALSE
1098,"Mini chaps ClassicStretch, black, for adults, size XXL",0186539128435,FALSE
1099,"Hose connection, 3-stage, for grip nozzle orig. Gilmour",0186530307527,FALSE
1100,"Agility Dog Tunnel, red, 5m, 60 cm",0186531181087,FALSE
1101,25W Solar Panel,0186539134826,FALSE
1102,"Fleece Gloves Xaina black, size CS",0186538287178,FALSE
1103,"Jodhpur Riding Ankle Boot Oslo, Lined Size 40",0186531872275,FALSE
1104,Tiger/leopard 40 cm in assorted colours (2),0444780101503,FALSE
1105,"PVC Towline, 15 m green",0186539645389,FALSE
1106,"flexi Leash New Comfort XS 3m rope, max 8kg, blue",0186530479893,FALSE
1107,"Halter Dexter with Fleece- Underlay, black, Size 0",0186532969439,FALSE
1108,"training pad for puppies 30x50cm, 20 pcs.",0186539450491,FALSE
1109,"Hufglocken Reflective black/silver, XFull",0186538352581,FALSE
1110,"Windbreaker Covalliero Men, dark blue, XXXL (1)",0186539115637,FALSE
1111,"Rope Leash Seoul 8mm x 100cm, pink",0186538256489,FALSE
1112,"Fly mask Pony, black, with ear and nose protection",0102139696217,FALSE
1113,"Spare Hook and Loop Fstnr yllw for Tubbease, pairs",0186532064928,FALSE
1114,Hay rack for sheeps without roof,4018653610081,FALSE
1115,"RugBe Wint. Blanket IceProtect 300gr. navy/grey, 155cm",0186531412128,FALSE
1116,"Lead rope Hippo with panic hook, anthracite/lemon",0353680030599,FALSE
1117,"Pet Cushion Traveller with cover, taupe",0186532163612,FALSE
1118,"MIAMI collar, adjustable red, 15 mm, 30 - 45 cm",0186530676661,FALSE
1119,"Economy infrared lamp 175 W, red, orig. Philips (12)",0186539380341,FALSE
1120,MAXI COACH size 2 black < 24cm,0186530674826,FALSE
1121,Electric fly killer EcoKill 2 x 15 watt,0601343374848,FALSE